{
  "id": "oraculo-20",
  "title": "Oráculo 2.0",
  "version": "1.0.0",
  "compatibility": {
    "minimum": "11",
    "verified": "11"
  },
  "description": "Esse oráculo é deve ser usado para criar uma aventura medieval de fantasia clássica rolando apenas 2d6. \nVocê pode usar essas tabelas para gerar um apanhado de características de um assentamento. \nSe o resultado gerado não fizer sentido, role novamente ou escolha uma opção diferente.\nRole e combine duas ou três Características da Cidade diferentes, se quiser.\nUse as tabelas de travessia para explorar a cidade. \nRole e anote os pontos de interesse de cada cidade.\nRole uma Característica local para cada local visitado.\nPara gerar NPCs role na tabela de População e Traços de NPC. \nRole na tabela de Eventos locais, se quiser dificultar as coisas.",
  "authors": [
    {
      "name": "Pedro Alves",
      "flags": {}
    },
    {
      "name": "Jordan Tabosa",
      "flags": {}
    }
  ],
  "url": "https://www.dadosedestinosrpg.com.br",
  "packs": [
    {
      "name": "tabelas",
      "label": "Tabelas",
      "path": "packs/tabelas",
      "type": "RollTable",
      "ownership": {
        "PLAYER": "OBSERVER",
        "ASSISTANT": "OWNER"
      },
      "flags": {}
    },
    {
      "name": "macro",
      "label": "Macro",
      "path": "packs/macro",
      "type": "Macro",
      "ownership": {
        "PLAYER": "OBSERVER",
        "ASSISTANT": "OWNER"
      },
      "flags": {}
    }
  ]
}